name,alt_name,swatch_image_url,path_to_image,path_to_returned_color,most_common_hex,most_common_rgb
Alizarin Crimson,#6000684,https://goldenhub.goldenpaints.com/storage/uploads/Alizarin_Crimson_Swatch.jpg,./images/alizarin_crimson_swatch.jpg,./returned_colors/alizarin_crimson_returned.jpg,#542223,"[84, 34, 35]"
Alizarin Orange,#6000534,https://goldenhub.goldenpaints.com/storage/uploads/Alizarin_Orange_Swatch.jpg,./images/alizarin_orange_swatch.jpg,./returned_colors/alizarin_orange_returned.jpg,#b25417,"[178, 84, 23]"
Alizarin Yellow,#6000514,https://goldenhub.goldenpaints.com/storage/uploads/Alizarin_Yellow_Swatch.jpg,./images/alizarin_yellow_swatch.jpg,./returned_colors/alizarin_yellow_returned.jpg,#956a22,"[149, 106, 34]"
Bismuth Vanadate Yellow,#6001929,https://goldenhub.goldenpaints.com/storage/uploads/Bismuth_Vanadate_Yellow_Swatch.jpg,./images/bismuth_vanadate_yellow_swatch.jpg,./returned_colors/bismuth_vanadate_yellow_returned.jpg,#f4dd0c,"[244, 221, 12]"
Bohemian Green Earth,#6001021,https://goldenhub.goldenpaints.com/storage/uploads/Bohemian_Green_Earth_Swatch.jpg,./images/bohemian_green_earth_swatch.jpg,./returned_colors/bohemian_green_earth_returned.jpg,#353821,"[53, 56, 33]"
Brilliant Yellow Extra Pale,#6000202,https://goldenhub.goldenpaints.com/storage/uploads/Brilliant_Yellow_Extra_Pale_Swatch.jpg,./images/brilliant_yellow_extra_pale_swatch.jpg,./returned_colors/brilliant_yellow_extra_pale_returned.jpg,#f4f0d4,"[244, 240, 212]"
Brilliant Yellow Pale,#6000212,https://goldenhub.goldenpaints.com/storage/uploads/Brilliant_Yellow_Pale_Swatch.jpg,./images/brilliant_yellow_pale_swatch.jpg,./returned_colors/brilliant_yellow_pale_returned.jpg,#f4eca0,"[244, 236, 160]"
Brown Ochre,#6001561,https://goldenhub.goldenpaints.com/storage/uploads/Brown_Ochre_Swatch.jpg,./images/brown_ochre_swatch.jpg,./returned_colors/brown_ochre_returned.jpg,#5e4821,"[94, 72, 33]"
Brown Pink,#6001484,https://goldenhub.goldenpaints.com/storage/uploads/Brown_Pink_Swatch.jpg,./images/brown_pink_swatch.jpg,./returned_colors/brown_pink_returned.jpg,#272320,"[39, 35, 32]"
Brown Umber,#6001631,https://goldenhub.goldenpaints.com/storage/uploads/Brown_Umber_Swatch.jpg,./images/brown_umber_swatch.jpg,./returned_colors/brown_umber_returned.jpg,#282520,"[40, 37, 32]"
Burnt Sienna,#6001521,https://goldenhub.goldenpaints.com/storage/uploads/Burnt_Sienna_Swatch.jpg,./images/burnt_sienna_swatch.jpg,./returned_colors/burnt_sienna_returned.jpg,#583122,"[88, 49, 34]"
Burnt Umber,#6001661,https://goldenhub.goldenpaints.com/storage/uploads/Burnt_Umber_Swatch.jpg,./images/burnt_umber_swatch.jpg,./returned_colors/burnt_umber_returned.jpg,#27261f,"[39, 38, 31]"
Cadmium Green,#6001186,https://goldenhub.goldenpaints.com/storage/uploads/Cadmium_Green_Swatch.jpg,./images/cadmium_green_swatch.jpg,./returned_colors/cadmium_green_returned.jpg,#3b6925,"[59, 105, 37]"
Cadmium Green Light,#6001146,https://goldenhub.goldenpaints.com/storage/uploads/Cadmium_Green_Light_Swatch.jpg,./images/cadmium_green_light_swatch.jpg,./returned_colors/cadmium_green_light_returned.jpg,#6c9636,"[108, 150, 54]"
Cadmium Lemon,#6000246,https://goldenhub.goldenpaints.com/storage/uploads/Cadmium_Lemon_Swatch.jpg,./images/cadmium_lemon_swatch.jpg,./returned_colors/cadmium_lemon_returned.jpg,#ebde33,"[235, 222, 51]"
Cadmium Orange,#6000546,https://goldenhub.goldenpaints.com/storage/uploads/Cadmium_Orange_Sawtch.jpg,./images/cadmium_orange_swatch.jpg,./returned_colors/cadmium_orange_returned.jpg,#ee7e19,"[238, 126, 25]"
Cadmium Purple,#6000658,https://goldenhub.goldenpaints.com/storage/uploads/Cadmium_Purple_Swatch.jpg,./images/cadmium_purple_swatch.jpg,./returned_colors/cadmium_purple_returned.jpg,#583233,"[88, 50, 51]"
Cadmium Red Deep,#6000647,https://goldenhub.goldenpaints.com/storage/uploads/Cadmium_Red_Deep_Swatch.jpg,./images/cadmium_red_deep_swatch.jpg,./returned_colors/cadmium_red_deep_returned.jpg,#8b2f22,"[139, 47, 34]"
Cadmium Red Light,#6000587,https://goldenhub.goldenpaints.com/storage/uploads/Cadmium_Red_Light_Swatch.jpg,./images/cadmium_red_light_swatch.jpg,./returned_colors/cadmium_red_light_returned.jpg,#e05319,"[224, 83, 25]"
Cadmium Red Medium,#6000607,https://goldenhub.goldenpaints.com/storage/uploads/Cadmium_Red_Medium_Swatch.jpg,./images/cadmium_red_medium_swatch.jpg,./returned_colors/cadmium_red_medium_returned.jpg,#af3923,"[175, 57, 35]"
Cadmium Red Purple,#6000657,https://goldenhub.goldenpaints.com/storage/uploads/Cadmium_Red_Purple_Swatch.jpg,./images/cadmium_red_purple_swatch.jpg,./returned_colors/cadmium_red_purple_returned.jpg,#6d2a20,"[109, 42, 32]"
Cadmium Red Vermillion,#6000597,https://goldenhub.goldenpaints.com/storage/uploads/Cadmium_Red_Vermilion_Swatch.jpg,./images/cadmium_red_vermillion_swatch.jpg,./returned_colors/cadmium_red_vermillion_returned.jpg,#d74b1f,"[215, 75, 31]"
Cadmium Yellow Deep,#6000406,https://goldenhub.goldenpaints.com/storage/uploads/Cadmium_Yellow_Deep_Swatch.jpg,./images/cadmium_yellow_deep_swatch.jpg,./returned_colors/cadmium_yellow_deep_returned.jpg,#eeb913,"[238, 185, 19]"
Cadmium Yellow Extra Deep,#6000416,https://goldenhub.goldenpaints.com/storage/uploads/Cadmium_Yellow_Extra_Deep_Swatch.jpg,./images/cadmium_yellow_extra_deep_swatch.jpg,./returned_colors/cadmium_yellow_extra_deep_returned.jpg,#f6940c,"[246, 148, 12]"
Cadmium Yellow Light,#6000286,https://goldenhub.goldenpaints.com/storage/uploads/Cadmium_Yellow_Light_Swatch.jpg,./images/cadmium_yellow_light_swatch.jpg,./returned_colors/cadmium_yellow_light_returned.jpg,#f0de28,"[240, 222, 40]"
Cadmium Yellow Medium,#6000366,https://goldenhub.goldenpaints.com/storage/uploads/Cadmium_Yellow_Medium_Swatch.jpg,./images/cadmium_yellow_medium_swatch.jpg,./returned_colors/cadmium_yellow_medium_returned.jpg,#f1d220,"[241, 210, 32]"
Canton Rose,#6000744,https://goldenhub.goldenpaints.com/storage/uploads/Canton_Rose_Swatch.jpg,./images/canton_rose_swatch.jpg,./returned_colors/canton_rose_returned.jpg,#c97e5f,"[201, 126, 95]"
Carl's Crimson (Permanent),#6000685,https://goldenhub.goldenpaints.com/storage/uploads/Carl's_Crimson_(Permanent)_Swatch.jpg,./images/carl's_crimson_(permanent)_swatch.jpg,./returned_colors/carl's_crimson_(permanent)_returned.jpg,#642622,"[100, 38, 34]"
Cerulean Blue (Genuine),#6000848,https://goldenhub.goldenpaints.com/storage/uploads/Cerulean_Blue_(Genuine)_Swatch.jpg,./images/cerulean_blue_(genuine)_swatch.jpg,./returned_colors/cerulean_blue_(genuine)_returned.jpg,#1a4384,"[26, 67, 132]"
Cerulean Blue French,#6000857,https://goldenhub.goldenpaints.com/storage/uploads/Cerulean_Blue_French_Swatch.jpg,./images/cerulean_blue_french_swatch.jpg,./returned_colors/cerulean_blue_french_returned.jpg,#132f70,"[19, 47, 112]"
Chromium Oxide Green,#6001223,https://goldenhub.goldenpaints.com/storage/uploads/Chromium_Oxide_Green_Swatch.jpg,./images/chromium_oxide_green_swatch.jpg,./returned_colors/chromium_oxide_green_returned.jpg,#517339,"[81, 115, 57]"
Cinnabar Green Light,#6001153,https://goldenhub.goldenpaints.com/storage/uploads/Cinnabar_Green_Light_Swatch.jpg,./images/cinnabar_green_light_swatch.jpg,./returned_colors/cinnabar_green_light_returned.jpg,#b6b432,"[182, 180, 50]"
Cobalt Blue,#6000927,https://goldenhub.goldenpaints.com/storage/uploads/Cobalt_Blue_Swatch.jpg,./images/cobalt_blue_swatch.jpg,./returned_colors/cobalt_blue_returned.jpg,#16297e,"[22, 41, 126]"
Cobalt Blue Deep,#6000937,https://goldenhub.goldenpaints.com/storage/uploads/Cobalt_Blue_Deep_Swatch.jpg,./images/cobalt_blue_deep_swatch.jpg,./returned_colors/cobalt_blue_deep_returned.jpg,#1b2a81,"[27, 42, 129]"
Cobalt Green,#6001250,https://goldenhub.goldenpaints.com/storage/uploads/Cobalt_Green_Swatch.jpg,./images/cobalt_green_swatch.jpg,./returned_colors/cobalt_green_returned.jpg,#2f6531,"[47, 101, 49]"
Cobalt Teal Bluish,#6000817,https://goldenhub.goldenpaints.com/storage/uploads/Cobalt_Teal_Bluish_Swatch.jpg,./images/cobalt_teal_bluish_swatch.jpg,./returned_colors/cobalt_teal_bluish_returned.jpg,#13a695,"[19, 166, 149]"
Cobalt Teal Greenish,#6000786,https://goldenhub.goldenpaints.com/storage/uploads/Cobalt_Teal_Greenish_Swatch.jpg,./images/cobalt_teal_greenish_swatch.jpg,./returned_colors/cobalt_teal_greenish_returned.jpg,#4da695,"[77, 166, 149]"
Cobalt Turqoise Bluish,#6000907,https://goldenhub.goldenpaints.com/storage/uploads/Cobalt_Turquoise_Bluish_Swatch.jpg,./images/cobalt_turqoise_bluish_swatch.jpg,./returned_colors/cobalt_turqoise_bluish_returned.jpg,#203c70,"[32, 60, 112]"
Cobalt Turqoise Greenish,#6000887,https://goldenhub.goldenpaints.com/storage/uploads/Cobalt_Turquoise_Greenish_Swatch.jpg,./images/cobalt_turqoise_greenish_swatch.jpg,./returned_colors/cobalt_turqoise_greenish_returned.jpg,#2a5a71,"[42, 90, 113]"
Cobalt Violet Deep,#6000748,https://goldenhub.goldenpaints.com/storage/uploads/Cobalt_Violet_Deep_Swatch.jpg,./images/cobalt_violet_deep_swatch.jpg,./returned_colors/cobalt_violet_deep_returned.jpg,#2f1e51,"[47, 30, 81]"
Cobalt Violet Light,#6000728,https://goldenhub.goldenpaints.com/storage/uploads/Cobalt_Violet_Light_Swatch.jpg,./images/cobalt_violet_light_swatch.jpg,./returned_colors/cobalt_violet_light_returned.jpg,#722153,"[114, 33, 83]"
Cobalt Yellow,#6000508,https://goldenhub.goldenpaints.com/storage/uploads/Cobalt_Yellow_Swatch.jpg,./images/cobalt_yellow_swatch.jpg,./returned_colors/cobalt_yellow_returned.jpg,#d8b223,"[216, 178, 35]"
Cold Black,#6001732,https://goldenhub.goldenpaints.com/storage/uploads/Cold_Black_Swatch.jpg,./images/cold_black_swatch.jpg,./returned_colors/cold_black_returned.jpg,#182023,"[24, 32, 35]"
Courbet Green,#6001323,https://goldenhub.goldenpaints.com/storage/uploads/Courbet_Green_Swatch.jpg,./images/courbet_green_swatch.jpg,./returned_colors/courbet_green_returned.jpg,#1a2923,"[26, 41, 35]"
Cyprus Orange,#6001512,https://goldenhub.goldenpaints.com/storage/uploads/Cyprus_Orange_Swatch.jpg,./images/cyprus_orange_swatch.jpg,./returned_colors/cyprus_orange_returned.jpg,#955b26,"[149, 91, 38]"
Davy's Grey Deep,#6001701,https://goldenhub.goldenpaints.com/storage/uploads/Davy's_Grey_Deep_Swatch.jpg,./images/davy's_grey_deep_swatch.jpg,./returned_colors/davy's_grey_deep_returned.jpg,#222725,"[34, 39, 37]"
Dianthus Pink,#6000724,https://goldenhub.goldenpaints.com/storage/uploads/Dianthus_Pink_Swatch.jpg,./images/dianthus_pink_swatch.jpg,./returned_colors/dianthus_pink_returned.jpg,#e9a2ad,"[233, 162, 173]"
Dutch Brown (Transparent),#6001494,https://goldenhub.goldenpaints.com/storage/uploads/Dutch_Brown_(Transparent)_Swatch.jpg,./images/dutch_brown_(transparent)_swatch.jpg,./returned_colors/dutch_brown_(transparent)_returned.jpg,#1e1e1e,"[30, 30, 30]"
Earth Green,#6001122,https://goldenhub.goldenpaints.com/storage/uploads/Earth_Green_Swatch.jpg,./images/earth_green_swatch.jpg,./returned_colors/earth_green_returned.jpg,#323b1d,"[50, 59, 29]"
Egyptian Violet,#6000805,https://goldenhub.goldenpaints.com/storage/uploads/Egyptian_Violet_Swatch.jpg,./images/egyptian_violet_swatch.jpg,./returned_colors/egyptian_violet_returned.jpg,#1b1a2d,"[27, 26, 45]"
Fanchon Red,#6000624,https://goldenhub.goldenpaints.com/storage/uploads/Fanchon_Red_Swatch.jpg,./images/fanchon_red_swatch.jpg,./returned_colors/fanchon_red_returned.jpg,#c23a21,"[194, 58, 33]"
Flake White,#6000104,https://goldenhub.goldenpaints.com/storage/uploads/Flake_White_Swatch.jpg,./images/flake_white_swatch.jpg,./returned_colors/flake_white_returned.jpg,#f7f3d6,"[247, 243, 214]"
French Ardoise Gray,#6000050,https://goldenhub.goldenpaints.com/storage/uploads/French_Ardoise_Grey_Swatch.jpg,./images/french_ardoise_gray_swatch.jpg,./returned_colors/french_ardoise_gray_returned.jpg,#8a806b,"[138, 128, 107]"
French Brown Ochre,#6000044,https://goldenhub.goldenpaints.com/storage/uploads/French_Brown_Ochre_Swatch.jpg,./images/french_brown_ochre_swatch.jpg,./returned_colors/french_brown_ochre_returned.jpg,#4b3b2a,"[75, 59, 42]"
French Burnt Ochre,#6000046,https://goldenhub.goldenpaints.com/storage/uploads/French_Burnt_Ochre_Swatch.jpg,./images/french_burnt_ochre_swatch.jpg,./returned_colors/french_burnt_ochre_returned.jpg,#3e3024,"[62, 48, 36]"
French Burnt Umber,#6000045,https://goldenhub.goldenpaints.com/storage/uploads/French_Burnt_Umber_Swatch.jpg,./images/french_burnt_umber_swatch.jpg,./returned_colors/french_burnt_umber_returned.jpg,#312f29,"[49, 47, 41]"
French Light Sienna,#6000051,https://goldenhub.goldenpaints.com/storage/uploads/French_Light_Sienna_Swatch.jpg,./images/french_light_sienna_swatch.jpg,./returned_colors/french_light_sienna_returned.jpg,#6a5b35,"[106, 91, 53]"
French Ochre Havane,#6000042,https://goldenhub.goldenpaints.com/storage/uploads/French_Ochre_Havane_Swatch.jpg,./images/french_ochre_havane_swatch.jpg,./returned_colors/french_ochre_havane_returned.jpg,#9e6739,"[158, 103, 57]"
French Raw Sienna,#6000041,https://goldenhub.goldenpaints.com/storage/uploads/French_Raw_Sienna_Swatch.jpg,./images/french_raw_sienna_swatch.jpg,./returned_colors/french_raw_sienna_returned.jpg,#896332,"[137, 99, 50]"
French Raw Umber,#6000047,https://goldenhub.goldenpaints.com/storage/uploads/French_Raw_Umber_Swatch.jpg,./images/french_raw_umber_swatch.jpg,./returned_colors/french_raw_umber_returned.jpg,#48422f,"[72, 66, 47]"
French Rouge Indian,#6000043,https://goldenhub.goldenpaints.com/storage/uploads/French_Rouge_Indien_Swatch.jpg,./images/french_rouge_indian_swatch.jpg,./returned_colors/french_rouge_indian_returned.jpg,#733f2f,"[115, 63, 47]"
French Terre Verte,#6000052,https://goldenhub.goldenpaints.com/storage/uploads/French_Terre_Verte_Swatch.jpg,./images/french_terre_verte_swatch.jpg,./returned_colors/french_terre_verte_returned.jpg,#517665,"[81, 118, 101]"
French Yellow Ochre Deep,#6000040,https://goldenhub.goldenpaints.com/storage/uploads/French_Yellow_Ochre_Deep_Swatch.jpg,./images/french_yellow_ochre_deep_swatch.jpg,./returned_colors/french_yellow_ochre_deep_returned.jpg,#9e6e2d,"[158, 110, 45]"
German Earth,#6001792,https://goldenhub.goldenpaints.com/storage/uploads/German_Earth_Swatch.jpg,./images/german_earth_swatch.jpg,./returned_colors/german_earth_returned.jpg,#171c1b,"[23, 28, 27]"
Graphite Gray,#6001702,https://goldenhub.goldenpaints.com/storage/uploads/Graphite_Grey_Swatch.jpg,./images/graphite_gray_swatch.jpg,./returned_colors/graphite_gray_returned.jpg,#30322e,"[48, 50, 46]"
Green Gold,#6000518,https://goldenhub.goldenpaints.com/storage/uploads/Green_Gold_Swatch.jpg,./images/green_gold_swatch.jpg,./returned_colors/green_gold_returned.jpg,#23310e,"[35, 49, 14]"
Indanthrone Blue,#6000985,https://goldenhub.goldenpaints.com/storage/uploads/Indanthrone_Blue_Swatch.jpg,./images/indanthrone_blue_swatch.jpg,./returned_colors/indanthrone_blue_returned.jpg,#0b1246,"[11, 18, 70]"
Indian Yellow,#6000524,https://goldenhub.goldenpaints.com/storage/uploads/Indian_Yellow_Swatch.jpg,./images/indian_yellow_swatch.jpg,./returned_colors/indian_yellow_returned.jpg,#e1900a,"[225, 144, 10]"
Indigo,#6001043,https://goldenhub.goldenpaints.com/storage/uploads/Indigo_Swatch.jpg,./images/indigo_swatch.jpg,./returned_colors/indigo_returned.jpg,#18272d,"[24, 39, 45]"
Interference Blue,#6001803,https://goldenhub.goldenpaints.com/storage/uploads/Interference_Blue_Swatch.jpg,./images/interference_blue_swatch.jpg,./returned_colors/interference_blue_returned.jpg,#b8c0c9,"[184, 192, 201]"
Interference Green,#6001893,https://goldenhub.goldenpaints.com/storage/uploads/Interference_Green_Swatch.jpg,./images/interference_green_swatch.jpg,./returned_colors/interference_green_returned.jpg,#dddbb5,"[221, 219, 181]"
Interference Red,#6001873,https://goldenhub.goldenpaints.com/storage/uploads/Interference_Red_Swatch.jpg,./images/interference_red_swatch.jpg,./returned_colors/interference_red_returned.jpg,#d8ba9e,"[216, 186, 158]"
Interference Violet,#6001813,https://goldenhub.goldenpaints.com/storage/uploads/Interference_Violet_Swatch.jpg,./images/interference_violet_swatch.jpg,./returned_colors/interference_violet_returned.jpg,#c9b5b9,"[201, 181, 185]"
Iridescent Bronze,#6001853,https://goldenhub.goldenpaints.com/storage/uploads/Iridescent_Bronze_Swatch.jpg,./images/iridescent_bronze_swatch.jpg,./returned_colors/iridescent_bronze_returned.jpg,#786644,"[120, 102, 68]"
Iridescent Copper,#6001883,https://goldenhub.goldenpaints.com/storage/uploads/Iridescent_Copper_Swatch.jpg,./images/iridescent_copper_swatch.jpg,./returned_colors/iridescent_copper_returned.jpg,#914b31,"[145, 75, 49]"
Iridescent Pale Gold,#6001823,https://goldenhub.goldenpaints.com/storage/uploads/Iridescent_Pale_Gold_Swatch.jpg,./images/iridescent_pale_gold_swatch.jpg,./returned_colors/iridescent_pale_gold_returned.jpg,#eac66e,"[234, 198, 110]"
Iridescent Pearl White,#6001863,https://goldenhub.goldenpaints.com/storage/uploads/Iridescent_Pearl_White_Swatch.jpg,./images/iridescent_pearl_white_swatch.jpg,./returned_colors/iridescent_pearl_white_returned.jpg,#e4ddc9,"[228, 221, 201]"
Iridescent Pewter,#6001843,https://goldenhub.goldenpaints.com/storage/uploads/Iridescent_Pewter_Swatch.jpg,./images/iridescent_pewter_swatch.jpg,./returned_colors/iridescent_pewter_returned.jpg,#666565,"[102, 101, 101]"
Iridescent Silver,#6001833,https://goldenhub.goldenpaints.com/storage/uploads/Iridescent_Silver_Swatch.jpg,./images/iridescent_silver_swatch.jpg,./returned_colors/iridescent_silver_returned.jpg,#7c7977,"[124, 121, 119]"
Italian Black Roman Earth,#6000022,https://goldenhub.goldenpaints.com/storage/uploads/Italian_Black_Roman_Earth_Swatch.jpg,./images/italian_black_roman_earth_swatch.jpg,./returned_colors/italian_black_roman_earth_returned.jpg,#1f2322,"[31, 35, 34]"
Italian Burnt Sienna,#6000023,https://goldenhub.goldenpaints.com/storage/uploads/Italian_Burnt_Sienna_Swatch.jpg,./images/italian_burnt_sienna_swatch.jpg,./returned_colors/italian_burnt_sienna_returned.jpg,#63341c,"[99, 52, 28]"
Italian Green Ochre,#6000017,https://goldenhub.goldenpaints.com/storage/uploads/Italian_Green_Ochre_Swatch.jpg,./images/italian_green_ochre_swatch.jpg,./returned_colors/italian_green_ochre_returned.jpg,#73582b,"[115, 88, 43]"
Italian Lemon Ochre,#6000014,https://goldenhub.goldenpaints.com/storage/uploads/Italian_Lemon_Ochre_Swatch.jpg,./images/italian_lemon_ochre_swatch.jpg,./returned_colors/italian_lemon_ochre_returned.jpg,#c29527,"[194, 149, 39]"
Italian Orange Ochre,#6000016,https://goldenhub.goldenpaints.com/storage/uploads/Italian_Orange_Ochre_Swatch-1.jpg,./images/italian_orange_ochre_swatch.jpg,./returned_colors/italian_orange_ochre_returned.jpg,#8f5220,"[143, 82, 32]"
Italian Pink,#6001474,https://goldenhub.goldenpaints.com/storage/uploads/Italian_Pink_Swatch.jpg,./images/italian_pink_swatch.jpg,./returned_colors/italian_pink_returned.jpg,#302520,"[48, 37, 32]"
Italian Pompeii Red,#6000018,https://goldenhub.goldenpaints.com/storage/uploads/Italian_Pompeii_Red_Swatch.jpg,./images/italian_pompeii_red_swatch.jpg,./returned_colors/italian_pompeii_red_returned.jpg,#9c4a2b,"[156, 74, 43]"
Italian Pozzuoli Earth,#6000020,https://goldenhub.goldenpaints.com/storage/uploads/Italian_Pozzuoli_Earth_Swatch.jpg,./images/italian_pozzuoli_earth_swatch.jpg,./returned_colors/italian_pozzuoli_earth_returned.jpg,#884123,"[136, 65, 35]"
Italian Raw Sienna,#6000024,https://goldenhub.goldenpaints.com/storage/uploads/Italian_Raw_Sienna_Swatch.jpg,./images/italian_raw_sienna_swatch.jpg,./returned_colors/italian_raw_sienna_returned.jpg,#7d5624,"[125, 86, 36]"
Italian Raw Umber,#6000025,https://goldenhub.goldenpaints.com/storage/uploads/Italian_Raw_Umber_Swatch.jpg,./images/italian_raw_umber_swatch.jpg,./returned_colors/italian_raw_umber_returned.jpg,#3a3829,"[58, 56, 41]"
Italian Rosso Veneto,#6000019,https://goldenhub.goldenpaints.com/storage/uploads/Italian_Terra_Rosa_Swatch.jpg,./images/italian_rosso_veneto_swatch.jpg,./returned_colors/italian_rosso_veneto_returned.jpg,#854a2a,"[133, 74, 42]"
Italian Terra Rosa,#6000021,https://goldenhub.goldenpaints.com/storage/uploads/Italian_Rosso_Veneto_Swatch.jpg,./images/italian_terra_rosa_swatch.jpg,./returned_colors/italian_terra_rosa_returned.jpg,#883f24,"[136, 63, 36]"
Italian Terra Verte,#6000013,https://goldenhub.goldenpaints.com/storage/uploads/Italian_Terra_Verte_Swatch.jpg,./images/italian_terra_verte_swatch.jpg,./returned_colors/italian_terra_verte_returned.jpg,#4d6c47,"[77, 108, 71]"
Italian Yellow Ochre,#6000015,https://goldenhub.goldenpaints.com/storage/uploads/Italian_Yellow_Ochre_Swatch.jpg,./images/italian_yellow_ochre_swatch.jpg,./returned_colors/italian_yellow_ochre_returned.jpg,#ab8129,"[171, 129, 41]"
Ivory Black,#6001721,https://goldenhub.goldenpaints.com/storage/uploads/Ivory_Black_Swatch.jpg,./images/ivory_black_swatch.jpg,./returned_colors/ivory_black_returned.jpg,#191e20,"[25, 30, 32]"
Jaune Brilliant,#6000463,https://goldenhub.goldenpaints.com/storage/uploads/Jaune_Brilliant_Swatch.jpg,./images/jaune_brilliant_swatch.jpg,./returned_colors/jaune_brilliant_returned.jpg,#ecbd6a,"[236, 189, 106]"
King's Blue,#6000813,https://goldenhub.goldenpaints.com/storage/uploads/King's_Blue_Swatch.jpg,./images/king's_blue_swatch.jpg,./returned_colors/king's_blue_returned.jpg,#5d9acf,"[93, 154, 207]"
Lamp Black,#6001761,https://goldenhub.goldenpaints.com/storage/uploads/Lamp_Black_Swatch.jpg,./images/lamp_black_swatch.jpg,./returned_colors/lamp_black_returned.jpg,#1b2122,"[27, 33, 34]"
Manganese Violet,#6000704,https://goldenhub.goldenpaints.com/storage/uploads/Manganese_Violet_Swatch.jpg,./images/manganese_violet_swatch.jpg,./returned_colors/manganese_violet_returned.jpg,#322246,"[50, 34, 70]"
Mars Black,#6001742,https://goldenhub.goldenpaints.com/storage/uploads/Mars_Black_Swatch.jpg,./images/mars_black_swatch.jpg,./returned_colors/mars_black_returned.jpg,#141d1f,"[20, 29, 31]"
Mars Orange,#6001382,https://goldenhub.goldenpaints.com/storage/uploads/Mars_Orange_Swatch.jpg,./images/mars_orange_swatch.jpg,./returned_colors/mars_orange_returned.jpg,#7e4227,"[126, 66, 39]"
Mars Red,#6001422,https://goldenhub.goldenpaints.com/storage/uploads/Mars_Red_Swatch.jpg,./images/mars_red_swatch.jpg,./returned_colors/mars_red_returned.jpg,#5f281d,"[95, 40, 29]"
Mars Red Light,#6001402,https://goldenhub.goldenpaints.com/storage/uploads/Mars_Red_Light_Swatch.jpg,./images/mars_red_light_swatch.jpg,./returned_colors/mars_red_light_returned.jpg,#763926,"[118, 57, 38]"
Mars Violet,#6001442,https://goldenhub.goldenpaints.com/storage/uploads/Mars_Violet_Swatch.jpg,./images/mars_violet_swatch.jpg,./returned_colors/mars_violet_returned.jpg,#4d241e,"[77, 36, 30]"
Mars Yellow Deep,#6001362,https://goldenhub.goldenpaints.com/storage/uploads/Mars_Yellow_Deep_Swatch.jpg,./images/mars_yellow_deep_swatch.jpg,./returned_colors/mars_yellow_deep_returned.jpg,#9f7127,"[159, 113, 39]"
Mars Yellow Light,#6001342,https://goldenhub.goldenpaints.com/storage/uploads/Mars_Yellow_Light_Swatch.jpg,./images/mars_yellow_light_swatch.jpg,./returned_colors/mars_yellow_light_returned.jpg,#a07a3a,"[160, 122, 58]"
Montserrat Orange,#6000583,https://goldenhub.goldenpaints.com/storage/uploads/Montserrat_Orange_Swatch.jpg,./images/montserrat_orange_swatch.jpg,./returned_colors/montserrat_orange_returned.jpg,#d98e55,"[217, 142, 85]"
Naples Yellow,#6000442,https://goldenhub.goldenpaints.com/storage/uploads/Naples_Yellow_Swatch.jpg,./images/naples_yellow_swatch.jpg,./returned_colors/naples_yellow_returned.jpg,#cfb151,"[207, 177, 81]"
Naples Yellow Italian,#6000461,https://goldenhub.goldenpaints.com/storage/uploads/Naples_Yellow_Italian_Swatch-1.jpg,./images/naples_yellow_italian_swatch.jpg,./returned_colors/naples_yellow_italian_returned.jpg,#e9c054,"[233, 192, 84]"
Naples Yellow Reddish,#6000422,https://goldenhub.goldenpaints.com/storage/uploads/Naples_Yellow_Reddish_Swatch.jpg,./images/naples_yellow_reddish_swatch.jpg,./returned_colors/naples_yellow_reddish_returned.jpg,#dd9951,"[221, 153, 81]"
Nickel Azo Yellow,#6001928,https://goldenhub.goldenpaints.com/storage/uploads/Nickel_Azo_Yellow_Swatch.jpg,./images/nickel_azo_yellow_swatch.jpg,./returned_colors/nickel_azo_yellow_returned.jpg,#2d241a,"[45, 36, 26]"
Nickel Yellow,#6000224,https://goldenhub.goldenpaints.com/storage/uploads/Nickel_Yellow_Swatch.jpg,./images/nickel_yellow_swatch.jpg,./returned_colors/nickel_yellow_returned.jpg,#e7dd69,"[231, 221, 105]"
Olive Green,#6000322,https://goldenhub.goldenpaints.com/storage/uploads/Olive_Green_Swatch.jpg,./images/olive_green_swatch.jpg,./returned_colors/olive_green_returned.jpg,#4f671b,"[79, 103, 27]"
Payne's Gray,#6001703,https://goldenhub.goldenpaints.com/storage/uploads/Payne's_Grey_Swatch.jpg,./images/payne's_gray_swatch.jpg,./returned_colors/payne's_gray_returned.jpg,#171f27,"[23, 31, 39]"
Payne's Gray (Violet),#6001063,https://goldenhub.goldenpaints.com/storage/uploads/Payne's_Grey_(Violet)_Swatch.jpg,./images/payne's_gray_(violet)_swatch.jpg,./returned_colors/payne's_gray_(violet)_returned.jpg,#1d2126,"[29, 33, 38]"
Permanent Crimson,#6000687,https://goldenhub.goldenpaints.com/storage/uploads/Permanent_Crimson_Swatch.jpg,./images/permanent_crimson_swatch.jpg,./returned_colors/permanent_crimson_returned.jpg,#581f1a,"[88, 31, 26]"
Permanent Green,#6001263,https://goldenhub.goldenpaints.com/storage/uploads/Permanent_Green_Swatch.jpg,./images/permanent_green_swatch.jpg,./returned_colors/permanent_green_returned.jpg,#17612d,"[23, 97, 45]"
Permanent Green Light,#6001163,https://goldenhub.goldenpaints.com/storage/uploads/Permanent_Green_Light_Swatch.jpg,./images/permanent_green_light_swatch.jpg,./returned_colors/permanent_green_light_returned.jpg,#57b352,"[87, 179, 82]"
Permanent Lemon,#6000263,https://goldenhub.goldenpaints.com/storage/uploads/Permanent_Lemon_Swatch.jpg,./images/permanent_lemon_swatch.jpg,./returned_colors/permanent_lemon_returned.jpg,#ece12f,"[236, 225, 47]"
Permanent Orange,#6000542,https://goldenhub.goldenpaints.com/storage/uploads/Permanent_Orange_Swatch.jpg,./images/permanent_orange_swatch.jpg,./returned_colors/permanent_orange_returned.jpg,#f76524,"[247, 101, 36]"
Permanent Red-Orange,#6000563,https://goldenhub.goldenpaints.com/storage/uploads/Permanent_Red-Orange_Swatch.jpg,./images/permanent_red-orange_swatch.jpg,./returned_colors/permanent_red-orange_returned.jpg,#c6491c,"[198, 73, 28]"
Permanent Yellow Deep,#6000423,https://goldenhub.goldenpaints.com/storage/uploads/Permanent_Yellow_Deep_Swatch.jpg,./images/permanent_yellow_deep_swatch.jpg,./returned_colors/permanent_yellow_deep_returned.jpg,#f3ab13,"[243, 171, 19]"
Permanent Yellow Light,#6000303,https://goldenhub.goldenpaints.com/storage/uploads/Permanent_Yellow_Light_Swatch.jpg,./images/permanent_yellow_light_swatch.jpg,./returned_colors/permanent_yellow_light_returned.jpg,#ede133,"[237, 225, 51]"
Permanent Yellow Medium,#6000383,https://goldenhub.goldenpaints.com/storage/uploads/Permanent_Yellow_Medium_Swatch.jpg,./images/permanent_yellow_medium_swatch.jpg,./returned_colors/permanent_yellow_medium_returned.jpg,#eed129,"[238, 209, 41]"
Persian Rose,#6000713,https://goldenhub.goldenpaints.com/storage/uploads/Persian_Rose_Swatch.jpg,./images/persian_rose_swatch.jpg,./returned_colors/persian_rose_returned.jpg,#dd4947,"[221, 73, 71]"
Perylene Crimson,#6000686,https://goldenhub.goldenpaints.com/storage/uploads/Perylene_Crimson_Swatch.jpg,./images/perylene_crimson_swatch.jpg,./returned_colors/perylene_crimson_returned.jpg,#471d1d,"[71, 29, 29]"
Phthalo Blue,#6001004,https://goldenhub.goldenpaints.com/storage/uploads/Phthalo_Blue_Swatch.jpg,./images/phthalo_blue_swatch.jpg,./returned_colors/phthalo_blue_returned.jpg,#162857,"[22, 40, 87]"
Phthalo Green,#6001284,https://goldenhub.goldenpaints.com/storage/uploads/Phthalo_Green_Swatch.jpg,./images/phthalo_green_swatch.jpg,./returned_colors/phthalo_green_returned.jpg,#122633,"[18, 38, 51]"
Phthalo Green-Yellowish,#6001264,https://goldenhub.goldenpaints.com/storage/uploads/Phthalo_Green-Yellowish_Swatch.jpg,./images/phthalo_green-yellowish_swatch.jpg,./returned_colors/phthalo_green-yellowish_returned.jpg,#14282c,"[20, 40, 44]"
Phthalo Turquoise,#6001024,https://goldenhub.goldenpaints.com/storage/uploads/Phthalo_Turquoise_Swatch.jpg,./images/phthalo_turquoise_swatch.jpg,./returned_colors/phthalo_turquoise_returned.jpg,#112834,"[17, 40, 52]"
Provence Violet Bluish,#6000754,https://goldenhub.goldenpaints.com/storage/uploads/Provence_Violet_Bluish_Swatch.jpg,./images/provence_violet_bluish_swatch.jpg,./returned_colors/provence_violet_bluish_returned.jpg,#332674,"[51, 38, 116]"
Provence Violet Reddish,#6000734,https://goldenhub.goldenpaints.com/storage/uploads/Provence_Violet_Reddish_Swatch.jpg,./images/provence_violet_reddish_swatch.jpg,./returned_colors/provence_violet_reddish_returned.jpg,#662851,"[102, 40, 81]"
Prussian Blue,#6000982,https://goldenhub.goldenpaints.com/storage/uploads/Prussian_Blue_Swatch.jpg,./images/prussian_blue_swatch.jpg,./returned_colors/prussian_blue_returned.jpg,#0e1b26,"[14, 27, 38]"
Pyrrole Orange,#6001927,https://goldenhub.goldenpaints.com/storage/uploads/Pyrrole_Orange_Swatch.jpg,./images/pyrrole_orange_swatch.jpg,./returned_colors/pyrrole_orange_returned.jpg,#f75903,"[247, 89, 3]"
Pyrrole Red,#6001925,https://goldenhub.goldenpaints.com/storage/uploads/Pyrrole_Red_Swatch.jpg,./images/pyrrole_red_swatch.jpg,./returned_colors/pyrrole_red_returned.jpg,#b71a15,"[183, 26, 21]"
Quinacridone Gold Brown,#6000874,https://goldenhub.goldenpaints.com/storage/uploads/Quinacridone_Gold_Brown_Swatch.jpg,./images/quinacridone_gold_brown_swatch.jpg,./returned_colors/quinacridone_gold_brown_returned.jpg,#411c1a,"[65, 28, 26]"
Quinacridone Magenta,#6000775,https://goldenhub.goldenpaints.com/storage/uploads/Quinacridone_Magenta_Swatch.jpg,./images/quinacridone_magenta_swatch.jpg,./returned_colors/quinacridone_magenta_returned.jpg,#542223,"[84, 34, 35]"
Quinacridone Red,#6000665,https://goldenhub.goldenpaints.com/storage/uploads/Quinacridone_Red_Swatch.jpg,./images/quinacridone_red_swatch.jpg,./returned_colors/quinacridone_red_returned.jpg,#a12e24,"[161, 46, 36]"
Quinacridone Violet,#6000785,https://goldenhub.goldenpaints.com/storage/uploads/Quinacridone_Violet_Swatch.jpg,./images/quinacridone_violet_swatch.jpg,./returned_colors/quinacridone_violet_returned.jpg,#4c2029,"[76, 32, 41]"
Raw Sienna,#6001501,https://goldenhub.goldenpaints.com/storage/uploads/Raw_Sienna_Swatch.jpg,./images/raw_sienna_swatch.jpg,./returned_colors/raw_sienna_returned.jpg,#895f25,"[137, 95, 37]"
Raw Umber,#6001621,https://goldenhub.goldenpaints.com/storage/uploads/Raw_Umber_Swatch.jpg,./images/raw_umber_swatch.jpg,./returned_colors/raw_umber_returned.jpg,#1f231d,"[31, 35, 29]"
Red Ochre,#6001581,https://goldenhub.goldenpaints.com/storage/uploads/Red_Ochre_Swatch.jpg,./images/red_ochre_swatch.jpg,./returned_colors/red_ochre_returned.jpg,#6c3b27,"[108, 59, 39]"
Red Umber,#6001671,https://goldenhub.goldenpaints.com/storage/uploads/Red_Umber_Swatch.jpg,./images/red_umber_swatch.jpg,./returned_colors/red_umber_returned.jpg,#322923,"[50, 41, 35]"
SF Cerulean Blue French,#6003857,https://goldenhub.goldenpaints.com/storage/uploads/SF_Cerulean_Blue_French_Swatch.jpg,./images/sf_cerulean_blue_french_swatch.jpg,./returned_colors/sf_cerulean_blue_french_returned.jpg,#273570,"[39, 53, 112]"
SF Cobalt Violet Light,#6003728,https://goldenhub.goldenpaints.com/storage/uploads/SF_Cobalt_Violet_Light_Swatch.jpg,./images/sf_cobalt_violet_light_swatch.jpg,./returned_colors/sf_cobalt_violet_light_returned.jpg,#893298,"[137, 50, 152]"
SF Flake White,#6003104,https://goldenhub.goldenpaints.com/storage/uploads/SF_Flake_White_Swatch.jpg,./images/sf_flake_white_swatch.jpg,./returned_colors/sf_flake_white_returned.jpg,#deddde,"[222, 221, 222]"
SF French Ardoise Grey,#6003050,https://goldenhub.goldenpaints.com/storage/uploads/SF_French_Ardoise_Grey_Swatch.jpg,./images/sf_french_ardoise_grey_swatch.jpg,./returned_colors/sf_french_ardoise_grey_returned.jpg,#8d867a,"[141, 134, 122]"
SF Italian Terra Verte,#6003013,https://goldenhub.goldenpaints.com/storage/uploads/SF_Italian_Terra_Verte_Swatch.jpg,./images/sf_italian_terra_verte_swatch.jpg,./returned_colors/sf_italian_terra_verte_returned.jpg,#3c5444,"[60, 84, 68]"
SF Porcelain White,#6003103,https://goldenhub.goldenpaints.com/storage/uploads/SF_Porcelain_White_Swatch.jpg,./images/sf_porcelain_white_swatch.jpg,./returned_colors/sf_porcelain_white_returned.jpg,#d4d2d8,"[212, 210, 216]"
SF Titanium White,#6003101,https://goldenhub.goldenpaints.com/storage/uploads/SF_Titanium_White_Swatch.jpg,./images/sf_titanium_white_swatch.jpg,./returned_colors/sf_titanium_white_returned.jpg,#dcdbe1,"[220, 219, 225]"
SF Ultramarine Blue,#6003942,https://goldenhub.goldenpaints.com/storage/uploads/SF_Ultramarine_Blue_Swatch.jpg,./images/sf_ultramarine_blue_swatch.jpg,./returned_colors/sf_ultramarine_blue_returned.jpg,#1f235a,"[31, 35, 90]"
SF Ultramarine Blue French,#6003962,https://goldenhub.goldenpaints.com/storage/uploads/SF_Ultramarine_Blue_French_Swatch.jpg,./images/sf_ultramarine_blue_french_swatch.jpg,./returned_colors/sf_ultramarine_blue_french_returned.jpg,#25285a,"[37, 40, 90]"
SF Ultramarine Pink,#6003774,https://goldenhub.goldenpaints.com/storage/uploads/SF_Ultramarine_Pink_Swatch.jpg,./images/sf_ultramarine_pink_swatch.jpg,./returned_colors/sf_ultramarine_pink_returned.jpg,#663853,"[102, 56, 83]"
SF Ultramarine Violet,#6003764,https://goldenhub.goldenpaints.com/storage/uploads/SF_Ultramarine_Violet_Swatch.jpg,./images/sf_ultramarine_violet_swatch.jpg,./returned_colors/sf_ultramarine_violet_returned.jpg,#2a2a4e,"[42, 42, 78]"
Sap Green,#6001303,https://goldenhub.goldenpaints.com/storage/uploads/Sap_Green_Swatch.jpg,./images/sap_green_swatch.jpg,./returned_colors/sap_green_returned.jpg,#273b29,"[39, 59, 41]"
Sevres Blue,#6000823,https://goldenhub.goldenpaints.com/storage/uploads/Sevres_Blue_Swatch.jpg,./images/sevres_blue_swatch.jpg,./returned_colors/sevres_blue_returned.jpg,#1f6bb7,"[31, 107, 183]"
Spanish Earth,#6001601,https://goldenhub.goldenpaints.com/storage/uploads/Spanish_Earth_Swatch.jpg,./images/spanish_earth_swatch.jpg,./returned_colors/spanish_earth_returned.jpg,#4c2f27,"[76, 47, 39]"
Stil De Grain,#6001464,https://goldenhub.goldenpaints.com/storage/uploads/Stil_De_Grain_Swatch.jpg,./images/stil_de_grain_swatch.jpg,./returned_colors/stil_de_grain_returned.jpg,#3a2f24,"[58, 47, 36]"
Titan Buff,#6000160,https://goldenhub.goldenpaints.com/storage/uploads/Titan_Buff_Swatch.jpg,./images/titan_buff_swatch.jpg,./returned_colors/titan_buff_returned.jpg,#e7d8ca,"[231, 216, 202]"
Titanium - Zinc White,#6000121,https://goldenhub.goldenpaints.com/storage/uploads/Titanium_-_Zinc_White_Swatch.jpg,./images/titanium_-_zinc_white_swatch.jpg,./returned_colors/titanium_-_zinc_white_returned.jpg,#f7f4df,"[247, 244, 223]"
Titanium White,#6000101,https://goldenhub.goldenpaints.com/storage/uploads/Titanium_White_Swatch.jpg,./images/titanium_white_swatch.jpg,./returned_colors/titanium_white_returned.jpg,#f5f2e1,"[245, 242, 225]"
Transparent Red Iron Oxide,#6001922,https://goldenhub.goldenpaints.com/storage/uploads/Transparent_Red_Iron_Oxide_Swatch.jpg,./images/transparent_red_iron_oxide_swatch.jpg,./returned_colors/transparent_red_iron_oxide_returned.jpg,#261921,"[38, 25, 33]"
Transparent Yellow Iron Oxide,#6001920,https://goldenhub.goldenpaints.com/storage/uploads/Transparent_Yellow_Iron_Oxide_Swatch.jpg,./images/transparent_yellow_iron_oxide_swatch.jpg,./returned_colors/transparent_yellow_iron_oxide_returned.jpg,#371b1c,"[55, 27, 28]"
Turkey Umber,#6001641,https://goldenhub.goldenpaints.com/storage/uploads/Turkey_Umber_Swatch.jpg,./images/turkey_umber_swatch.jpg,./returned_colors/turkey_umber_returned.jpg,#1f2824,"[31, 40, 36]"
Turquoise,#6000863,https://goldenhub.goldenpaints.com/storage/uploads/Turquoise_Swatch.jpg,./images/turquoise_swatch.jpg,./returned_colors/turquoise_returned.jpg,#1a6b70,"[26, 107, 112]"
Ultramarine Blue,#6000942,https://goldenhub.goldenpaints.com/storage/uploads/Ultramarine_Blue_Swatch.jpg,./images/ultramarine_blue_swatch.jpg,./returned_colors/ultramarine_blue_returned.jpg,#162040,"[22, 32, 64]"
Ultramarine Blue French,#6000962,https://goldenhub.goldenpaints.com/storage/uploads/Ultramarine_Blue_French_Swatch.jpg,./images/ultramarine_blue_french_swatch.jpg,./returned_colors/ultramarine_blue_french_returned.jpg,#182247,"[24, 34, 71]"
Ultramarine Pink,#6000774,https://goldenhub.goldenpaints.com/storage/uploads/Ultramarine_Pink_Swatch.jpg,./images/ultramarine_pink_swatch.jpg,./returned_colors/ultramarine_pink_returned.jpg,#371d2c,"[55, 29, 44]"
Ultramarine Violet,#6000764,https://goldenhub.goldenpaints.com/storage/uploads/Ultramarine_Violet_Satch.jpg,./images/ultramarine_violet_swatch.jpg,./returned_colors/ultramarine_violet_returned.jpg,#202141,"[32, 33, 65]"
Unbleached Titanium,#6000181,https://goldenhub.goldenpaints.com/storage/uploads/Unbleached_Titanium_Swatch.jpg,./images/unbleached_titanium_swatch.jpg,./returned_colors/unbleached_titanium_returned.jpg,#cdb792,"[205, 183, 146]"
Unbleached Titanium Pale,#6000191,https://goldenhub.goldenpaints.com/storage/uploads/Unbleached_Titanium_Pale_Swatch.jpg,./images/unbleached_titanium_pale_swatch.jpg,./returned_colors/unbleached_titanium_pale_returned.jpg,#dbc9aa,"[219, 201, 170]"
Van Dyke Brown,#6001680,https://goldenhub.goldenpaints.com/storage/uploads/Van-Dyke-Brown_100x100.jpg,./images/van_dyke_brown_swatch.jpg,./returned_colors/van_dyke_brown_returned.jpg,#2d3630,"[45, 54, 48]"
Veronese Green,#6001103,https://goldenhub.goldenpaints.com/storage/uploads/Veronese_Green_Swatch.jpg,./images/veronese_green_swatch.jpg,./returned_colors/veronese_green_returned.jpg,#23846a,"[35, 132, 106]"
Viridian,#6001245,https://goldenhub.goldenpaints.com/storage/uploads/Viridian_Swatch.jpg,./images/viridian_swatch.jpg,./returned_colors/viridian_returned.jpg,#1a3237,"[26, 50, 55]"
Yellow Ochre (Domestic),#6001401,https://goldenhub.goldenpaints.com/storage/uploads/Yellow_Ochre_(Domestic)_Swatch.jpg,./images/yellow_ochre_(domestic)_swatch.jpg,./returned_colors/yellow_ochre_(domestic)_returned.jpg,#ae802b,"[174, 128, 43]"
Yellow Ochre Burnt,#6001541,https://goldenhub.goldenpaints.com/storage/uploads/Yellow_Ochre_Burnt_Swatch.jpg,./images/yellow_ochre_burnt_swatch.jpg,./returned_colors/yellow_ochre_burnt_returned.jpg,#5c4322,"[92, 67, 34]"
Zinc White,#6000141,https://goldenhub.goldenpaints.com/storage/uploads/Zinc_White_Swatch.jpg,./images/zinc_white_swatch.jpg,./returned_colors/zinc_white_returned.jpg,#f6f4d9,"[246, 244, 217]"
